-- Users
INSERT INTO users (id, email, nickname, password, created_at, updated_at, deleted_at, purge_scheduled_at)
VALUES ('11111111-1111-1111-1111-111111111111', 'user1@monew.test', 'user1', '{noop}user1Pass!', '2024-01-01T00:00:00Z',
        '2024-02-01T00:00:00Z', NULL, NULL),
       ('22222222-2222-2222-2222-222222222222', 'user2@monew.test', 'user2', '{noop}user2Pass!', '2024-01-01T00:05:00Z',
        '2024-02-01T00:05:00Z', NULL, NULL),
       ('33333333-3333-3333-3333-333333333333', 'user3@monew.test', 'user3', '{noop}user3Pass!', '2024-01-01T00:10:00Z',
        '2024-02-01T00:10:00Z', NULL, NULL),
       ('44444444-4444-4444-4444-444444444444', 'user4@monew.test', 'user4', '{noop}user4Pass!', '2024-01-01T00:15:00Z',
        '2024-02-01T00:15:00Z', NULL, NULL),
       ('55555555-5555-5555-5555-555555555555', 'user5@monew.test', 'user5', '{noop}user5Pass!', '2024-01-01T00:20:00Z',
        '2024-02-01T00:20:00Z', NULL, NULL),
       ('66666666-6666-6666-6666-666666666666', 'user6@monew.test', 'user6', '{noop}user6Pass!', '2024-01-01T00:25:00Z',
        '2024-02-01T00:25:00Z', NULL, NULL);

-- Interests
INSERT INTO interests (id, name, subscriber_count, created_at, updated_at)
VALUES ('aaaa1111-0000-0000-0000-000000000001', 'Finance', 1820, '2024-01-02T09:00:00Z', '2024-02-10T09:00:00Z'),
       ('bbbb1111-0000-0000-0000-000000000002', 'Tech', 2645, '2024-01-02T09:05:00Z', '2024-02-10T09:05:00Z'),
       ('cccc1111-0000-0000-0000-000000000003', 'Sports', 980, '2024-01-02T09:10:00Z', '2024-02-10T09:10:00Z');

-- Interest keywords
INSERT INTO interest_keywords (id, interest_id, keyword, created_at)
VALUES ('aaaa2222-0000-0000-0000-000000000001', 'aaaa1111-0000-0000-0000-000000000001', '금융', '2024-01-03T01:00:00Z'),
       ('aaaa2222-0000-0000-0000-000000000002', 'aaaa1111-0000-0000-0000-000000000001', '주식', '2024-01-03T01:02:00Z'),
       ('bbbb2222-0000-0000-0000-000000000001', 'bbbb1111-0000-0000-0000-000000000002', '기술', '2024-01-03T01:04:00Z'),
       ('bbbb2222-0000-0000-0000-000000000002', 'bbbb1111-0000-0000-0000-000000000002', '스타트업', '2024-01-03T01:06:00Z'),
       ('cccc2222-0000-0000-0000-000000000001', 'cccc1111-0000-0000-0000-000000000003', '스포츠', '2024-01-03T01:08:00Z'),
       ('cccc2222-0000-0000-0000-000000000002', 'cccc1111-0000-0000-0000-000000000003', '야구', '2024-01-03T01:10:00Z');

-- Interest subscriptions
INSERT INTO interest_subscriptions (id, interest_id, user_id, created_at)
VALUES ('50000000-0000-0000-0000-000000000001', 'aaaa1111-0000-0000-0000-000000000001',
        '11111111-1111-1111-1111-111111111111', '2024-02-15T08:00:00Z'),
       ('50000000-0000-0000-0000-000000000002', 'aaaa1111-0000-0000-0000-000000000001',
        '22222222-2222-2222-2222-222222222222', '2024-02-15T08:05:00Z'),
       ('50000000-0000-0000-0000-000000000003', 'bbbb1111-0000-0000-0000-000000000002',
        '33333333-3333-3333-3333-333333333333', '2024-02-15T08:10:00Z'),
       ('50000000-0000-0000-0000-000000000004', 'bbbb1111-0000-0000-0000-000000000002',
        '44444444-4444-4444-4444-444444444444', '2024-02-15T08:15:00Z'),
       ('50000000-0000-0000-0000-000000000005', 'cccc1111-0000-0000-0000-000000000003',
        '55555555-5555-5555-5555-555555555555', '2024-02-15T08:20:00Z'),
       ('50000000-0000-0000-0000-000000000006', 'cccc1111-0000-0000-0000-000000000003',
        '66666666-6666-6666-6666-666666666666', '2024-02-15T08:25:00Z');

-- Articles
INSERT INTO articles (id, source, source_url, title, publish_date, summary, created_at, updated_at, collected_at)
VALUES ('10000000-0000-0000-0000-000000000001', 'NAVER', 'https://news.monew/finance-outlook', '금융시장 주간 리포트',
        '2024-03-01T08:00:00Z', '금융시장 주요 이슈 요약', '2024-03-01T07:50:00Z', '2024-03-01T07:50:00Z',
        '2024-03-01T07:55:00Z'),
       ('10000000-0000-0000-0000-000000000002', 'HANKYUNG', 'https://news.monew/startup-invest', '스타트업 투자 동향',
        '2024-03-01T12:00:00Z', '국내 스타트업 투자 트렌드 분석', '2024-03-01T11:30:00Z', '2024-03-01T11:30:00Z',
        '2024-03-01T11:35:00Z'),
       ('10000000-0000-0000-0000-000000000003', 'YEONHAP', 'https://news.monew/bond-market', '채권 시장 변동성 확대',
        '2024-03-02T06:30:00Z', '채권 금리 변동성 확대 원인 정리', '2024-03-02T06:10:00Z', '2024-03-02T06:10:00Z',
        '2024-03-02T06:15:00Z'),
       ('10000000-0000-0000-0000-000000000004', 'CHOSUN', 'https://news.monew/baseball-camp', '프로야구 스프링캠프 현장',
        '2024-03-02T10:45:00Z', '해외 전지훈련 현장 리포트', '2024-03-02T10:20:00Z', '2024-03-02T10:20:00Z',
        '2024-03-02T10:25:00Z'),
       ('10000000-0000-0000-0000-000000000005', 'NAVER', 'https://news.monew/bank-earning', '시중은행 1분기 실적',
        '2024-03-03T07:15:00Z', '주요 시중은행 실적 비교', '2024-03-03T06:45:00Z', '2024-03-03T06:45:00Z',
        '2024-03-03T06:50:00Z'),
       ('10000000-0000-0000-0000-000000000006', 'HANKYUNG', 'https://news.monew/ai-conference', 'AI 컨퍼런스 핵심 요약',
        '2024-03-03T11:20:00Z', '생성형 AI 최신 동향', '2024-03-03T10:50:00Z', '2024-03-03T10:50:00Z', '2024-03-03T10:55:00Z'),
       ('10000000-0000-0000-0000-000000000007', 'YEONHAP', 'https://news.monew/global-inflation', '글로벌 인플레이션 완화',
        '2024-03-04T05:55:00Z', '각국 물가 지표 하락세', '2024-03-04T05:20:00Z', '2024-03-04T05:20:00Z', '2024-03-04T05:25:00Z'),
       ('10000000-0000-0000-0000-000000000008', 'CHOSUN', 'https://news.monew/it-recruit', 'IT 채용 시장 리포트',
        '2024-03-04T09:40:00Z', '분야별 채용 동향 점검', '2024-03-04T09:05:00Z', '2024-03-04T09:05:00Z', '2024-03-04T09:10:00Z'),
       ('10000000-0000-0000-0000-000000000009', 'NAVER', 'https://news.monew/soccer-analysis', '주말 축구 경기 분석',
        '2024-03-05T06:10:00Z', '주요 경기 전술 리뷰', '2024-03-05T05:45:00Z', '2024-03-05T05:45:00Z', '2024-03-05T05:50:00Z'),
       ('10000000-0000-0000-0000-00000000000a', 'HANKYUNG', 'https://news.monew/ipo-watch', '3월 IPO 캘린더',
        '2024-03-05T13:25:00Z', '상장 예정 기업 일정 총정리', '2024-03-05T12:55:00Z', '2024-03-05T12:55:00Z',
        '2024-03-05T13:00:00Z'),
       ('10000000-0000-0000-0000-00000000000b', 'YEONHAP', 'https://news.monew/semiconductor', '반도체 업황 반등 조짐',
        '2024-03-06T08:35:00Z', '메모리 부족 완화 시그널', '2024-03-06T08:05:00Z', '2024-03-06T08:05:00Z',
        '2024-03-06T08:10:00Z'),
       ('10000000-0000-0000-0000-00000000000c', 'CHOSUN', 'https://news.monew/basketball-playoff', '농구 플레이오프 미디어데이',
        '2024-03-06T15:05:00Z', '우승후보 인터뷰 모음', '2024-03-06T14:35:00Z', '2024-03-06T14:35:00Z', '2024-03-06T14:40:00Z');

-- Article ↔ Interest mappings
INSERT INTO article_interests (article_id, interest_id)
VALUES ('10000000-0000-0000-0000-000000000001', 'aaaa1111-0000-0000-0000-000000000001'),
       ('10000000-0000-0000-0000-000000000002', 'bbbb1111-0000-0000-0000-000000000002'),
       ('10000000-0000-0000-0000-000000000003', 'aaaa1111-0000-0000-0000-000000000001'),
       ('10000000-0000-0000-0000-000000000003', 'bbbb1111-0000-0000-0000-000000000002'),
       ('10000000-0000-0000-0000-000000000004', 'cccc1111-0000-0000-0000-000000000003'),
       ('10000000-0000-0000-0000-000000000005', 'aaaa1111-0000-0000-0000-000000000001'),
       ('10000000-0000-0000-0000-000000000006', 'bbbb1111-0000-0000-0000-000000000002'),
       ('10000000-0000-0000-0000-000000000006', 'cccc1111-0000-0000-0000-000000000003'),
       ('10000000-0000-0000-0000-000000000007', 'aaaa1111-0000-0000-0000-000000000001'),
       ('10000000-0000-0000-0000-000000000008', 'bbbb1111-0000-0000-0000-000000000002'),
       ('10000000-0000-0000-0000-000000000009', 'cccc1111-0000-0000-0000-000000000003'),
       ('10000000-0000-0000-0000-00000000000a', 'aaaa1111-0000-0000-0000-000000000001'),
       ('10000000-0000-0000-0000-00000000000a', 'cccc1111-0000-0000-0000-000000000003'),
       ('10000000-0000-0000-0000-00000000000b', 'bbbb1111-0000-0000-0000-000000000002'),
       ('10000000-0000-0000-0000-00000000000c', 'aaaa1111-0000-0000-0000-000000000001'),
       ('10000000-0000-0000-0000-00000000000c', 'cccc1111-0000-0000-0000-000000000003');

-- Comments
INSERT INTO comments (id, user_id, article_id, content, created_at, updated_at)
VALUES ('20000000-0000-0000-0000-000000000001', '11111111-1111-1111-1111-111111111111',
        '10000000-0000-0000-0000-000000000001', '좋은 분석 감사합니다.', '2024-03-01T09:10:00Z', '2024-03-01T09:12:00Z'),
       ('20000000-0000-0000-0000-000000000002', '22222222-2222-2222-2222-222222222222',
        '10000000-0000-0000-0000-000000000001', '주식 전망이 기대되네요.', '2024-03-01T09:20:00Z', '2024-03-01T09:25:00Z'),
       ('20000000-0000-0000-0000-000000000003', '33333333-3333-3333-3333-333333333333',
        '10000000-0000-0000-0000-000000000001', '세부 데이터도 궁금합니다.', '2024-03-01T09:30:00Z', '2024-03-01T09:34:00Z'),
       ('20000000-0000-0000-0000-000000000004', '44444444-4444-4444-4444-444444444444',
        '10000000-0000-0000-0000-000000000001', '리포트 공유 감사합니다.', '2024-03-01T09:40:00Z', '2024-03-01T09:41:00Z'),
       ('20000000-0000-0000-0000-000000000005', '55555555-5555-5555-5555-555555555555',
        '10000000-0000-0000-0000-000000000001', '시장 변동성이 크네요.', '2024-03-01T09:50:00Z', '2024-03-01T09:51:00Z'),
       ('20000000-0000-0000-0000-000000000006', '22222222-2222-2222-2222-222222222222',
        '10000000-0000-0000-0000-000000000002', '스타트업 소식 흥미롭네요.', '2024-03-01T12:40:00Z', '2024-03-01T12:44:00Z'),
       ('20000000-0000-0000-0000-000000000007', '33333333-3333-3333-3333-333333333333',
        '10000000-0000-0000-0000-000000000002', '투자 흐름 정리 감사합니다.', '2024-03-01T12:55:00Z', '2024-03-01T12:58:00Z'),
       ('20000000-0000-0000-0000-000000000008', '11111111-1111-1111-1111-111111111111',
        '10000000-0000-0000-0000-000000000003', '채권 금리가 많이 올랐네요.', '2024-03-02T07:10:00Z', '2024-03-02T07:10:00Z'),
       ('20000000-0000-0000-0000-000000000009', '22222222-2222-2222-2222-222222222222',
        '10000000-0000-0000-0000-000000000003', '안정화까지 시간이 필요하겠어요.', '2024-03-02T07:25:00Z', '2024-03-02T07:25:00Z'),
       ('20000000-0000-0000-0000-00000000000a', '33333333-3333-3333-3333-333333333333',
        '10000000-0000-0000-0000-000000000003', '추가 리서치가 필요합니다.', '2024-03-02T07:40:00Z', '2024-03-02T07:40:00Z'),
       ('20000000-0000-0000-0000-00000000000b', '44444444-4444-4444-4444-444444444444',
        '10000000-0000-0000-0000-000000000003', '좋은 정보 감사합니다.', '2024-03-02T07:55:00Z', '2024-03-02T07:55:00Z'),
       ('20000000-0000-0000-0000-00000000000c', '11111111-1111-1111-1111-111111111111',
        '10000000-0000-0000-0000-000000000004', '현장 분위기가 기대되네요.', '2024-03-02T11:20:00Z', '2024-03-02T11:24:00Z'),
       ('20000000-0000-0000-0000-00000000000d', '33333333-3333-3333-3333-333333333333',
        '10000000-0000-0000-0000-000000000004', '사진도 있으면 좋겠어요.', '2024-03-02T11:35:00Z', '2024-03-02T11:37:00Z'),
       ('20000000-0000-0000-0000-00000000000e', '66666666-6666-6666-6666-666666666666',
        '10000000-0000-0000-0000-000000000004', '좋은 기사 감사합니다.', '2024-03-02T11:50:00Z', '2024-03-02T11:53:00Z'),
       ('20000000-0000-0000-0000-00000000000f', '11111111-1111-1111-1111-111111111111',
        '10000000-0000-0000-0000-000000000005', '은행 실적 비교가 유익하네요.', '2024-03-03T08:00:00Z', '2024-03-03T08:04:00Z'),
       ('20000000-0000-0000-0000-000000000010', '22222222-2222-2222-2222-222222222222',
        '10000000-0000-0000-0000-000000000005', '배당 전망도 궁금합니다.', '2024-03-03T08:10:00Z', '2024-03-03T08:13:00Z'),
       ('20000000-0000-0000-0000-000000000011', '33333333-3333-3333-3333-333333333333',
        '10000000-0000-0000-0000-000000000005', '추가 분석 부탁드려요.', '2024-03-03T08:20:00Z', '2024-03-03T08:24:00Z'),
       ('20000000-0000-0000-0000-000000000012', '44444444-4444-4444-4444-444444444444',
        '10000000-0000-0000-0000-000000000005', '금리 영향이 클 것 같네요.', '2024-03-03T08:30:00Z', '2024-03-03T08:32:00Z'),
       ('20000000-0000-0000-0000-000000000013', '55555555-5555-5555-5555-555555555555',
        '10000000-0000-0000-0000-000000000005', '좋은 인사이트 감사합니다.', '2024-03-03T08:40:00Z', '2024-03-03T08:41:00Z'),
       ('20000000-0000-0000-0000-000000000014', '66666666-6666-6666-6666-666666666666',
        '10000000-0000-0000-0000-000000000005', '시장 반응이 궁금합니다.', '2024-03-03T08:50:00Z', '2024-03-03T08:50:00Z'),
       ('20000000-0000-0000-0000-000000000015', '22222222-2222-2222-2222-222222222222',
        '10000000-0000-0000-0000-000000000006', 'AI 소식이 계속 뜨네요.', '2024-03-03T12:05:00Z', '2024-03-03T12:07:00Z'),
       ('20000000-0000-0000-0000-000000000016', '44444444-4444-4444-4444-444444444444',
        '10000000-0000-0000-0000-000000000008', 'IT 채용이 활발하군요.', '2024-03-04T10:15:00Z', '2024-03-04T10:18:00Z'),
       ('20000000-0000-0000-0000-000000000017', '55555555-5555-5555-5555-555555555555',
        '10000000-0000-0000-0000-000000000008', '연봉 수준도 궁금합니다.', '2024-03-04T10:25:00Z', '2024-03-04T10:28:00Z'),
       ('20000000-0000-0000-0000-000000000018', '11111111-1111-1111-1111-111111111111',
        '10000000-0000-0000-0000-000000000009', '경기 분석이 알차네요.', '2024-03-05T06:40:00Z', '2024-03-05T06:41:00Z'),
       ('20000000-0000-0000-0000-000000000019', '33333333-3333-3333-3333-333333333333',
        '10000000-0000-0000-0000-000000000009', '전술 분석이 인상적입니다.', '2024-03-05T06:55:00Z', '2024-03-05T06:55:00Z'),
       ('20000000-0000-0000-0000-00000000001a', '33333333-3333-3333-3333-333333333333',
        '10000000-0000-0000-0000-00000000000a', 'IPO 일정 정리 감사합니다.', '2024-03-05T14:00:00Z', '2024-03-05T14:02:00Z'),
       ('20000000-0000-0000-0000-00000000001b', '44444444-4444-4444-4444-444444444444',
        '10000000-0000-0000-0000-00000000000a', '공모가 산정이 궁금하네요.', '2024-03-05T14:12:00Z', '2024-03-05T14:12:00Z'),
       ('20000000-0000-0000-0000-00000000001c', '11111111-1111-1111-1111-111111111111',
        '10000000-0000-0000-0000-00000000000b', '반도체 업황이 회복 중이군요.', '2024-03-06T09:00:00Z', '2024-03-06T09:03:00Z'),
       ('20000000-0000-0000-0000-00000000001d', '22222222-2222-2222-2222-222222222222',
        '10000000-0000-0000-0000-00000000000b', '수요가 다시 늘고 있네요.', '2024-03-06T09:12:00Z', '2024-03-06T09:12:00Z'),
       ('20000000-0000-0000-0000-00000000001e', '44444444-4444-4444-4444-444444444444',
        '10000000-0000-0000-0000-00000000000c', '플레이오프 기대됩니다.', '2024-03-06T16:00:00Z', '2024-03-06T16:01:00Z');

-- Comment likes
INSERT INTO comment_likes ( id, user_id, comment_id, created_at)
VALUES ( '40000000-0000-0000-0000-000000000001', '22222222-2222-2222-2222-222222222222',
            '20000000-0000-0000-0000-000000000001', '2024-03-02T09:10:00Z'),
       ( '40000000-0000-0000-0000-000000000002', '11111111-1111-1111-1111-111111111111',
         '20000000-0000-0000-0000-000000000001', '2024-03-02T09:11:00Z'),
       ( '40000000-0000-0000-0000-000000000003', '11111111-1111-1111-1111-111111111111',
         '20000000-0000-0000-0000-000000000008', '2024-03-02T07:11:00Z'),
       ( '40000000-0000-0000-0000-000000000004', '11111111-1111-1111-1111-111111111111',
         '20000000-0000-0000-0000-00000000000c', '2024-03-02T11:21:00Z');

-- Article views
INSERT INTO article_views (id, article_id, user_id, created_at, updated_at)
VALUES ('30000000-0000-0000-0000-000000000001', '10000000-0000-0000-0000-000000000001',
        '11111111-1111-1111-1111-111111111111', '2024-03-01T09:05:00Z', '2024-03-01T09:05:00Z'),
       ('30000000-0000-0000-0000-000000000002', '10000000-0000-0000-0000-000000000001',
        '22222222-2222-2222-2222-222222222222', '2024-03-01T09:15:00Z', '2024-03-01T09:15:00Z'),
       ('30000000-0000-0000-0000-000000000003', '10000000-0000-0000-0000-000000000001',
        '33333333-3333-3333-3333-333333333333', '2024-03-01T09:25:00Z', '2024-03-01T09:25:00Z'),
       ('30000000-0000-0000-0000-000000000004', '10000000-0000-0000-0000-000000000001',
        '44444444-4444-4444-4444-444444444444', '2024-03-01T09:35:00Z', '2024-03-01T09:35:00Z'),
       ('30000000-0000-0000-0000-000000000005', '10000000-0000-0000-0000-000000000002',
        '22222222-2222-2222-2222-222222222222', '2024-03-01T12:20:00Z', '2024-03-01T12:20:00Z'),
       ('30000000-0000-0000-0000-000000000006', '10000000-0000-0000-0000-000000000002',
        '33333333-3333-3333-3333-333333333333', '2024-03-01T12:35:00Z', '2024-03-01T12:35:00Z'),
       ('30000000-0000-0000-0000-000000000007', '10000000-0000-0000-0000-000000000003',
        '11111111-1111-1111-1111-111111111111', '2024-03-02T06:45:00Z', '2024-03-02T06:45:00Z'),
       ('30000000-0000-0000-0000-000000000008', '10000000-0000-0000-0000-000000000003',
        '22222222-2222-2222-2222-222222222222', '2024-03-02T06:55:00Z', '2024-03-02T06:55:00Z'),
       ('30000000-0000-0000-0000-000000000009', '10000000-0000-0000-0000-000000000003',
        '33333333-3333-3333-3333-333333333333', '2024-03-02T07:05:00Z', '2024-03-02T07:05:00Z'),
       ('30000000-0000-0000-0000-00000000000a', '10000000-0000-0000-0000-000000000003',
        '44444444-4444-4444-4444-444444444444', '2024-03-02T07:15:00Z', '2024-03-02T07:15:00Z'),
       ('30000000-0000-0000-0000-00000000000b', '10000000-0000-0000-0000-000000000003',
        '55555555-5555-5555-5555-555555555555', '2024-03-02T07:25:00Z', '2024-03-02T07:25:00Z'),
       ('30000000-0000-0000-0000-00000000000c', '10000000-0000-0000-0000-000000000004',
        '11111111-1111-1111-1111-111111111111', '2024-03-02T11:00:00Z', '2024-03-02T11:00:00Z'),
       ('30000000-0000-0000-0000-00000000000d', '10000000-0000-0000-0000-000000000004',
        '33333333-3333-3333-3333-333333333333', '2024-03-02T11:15:00Z', '2024-03-02T11:15:00Z'),
       ('30000000-0000-0000-0000-00000000000e', '10000000-0000-0000-0000-000000000004',
        '66666666-6666-6666-6666-666666666666', '2024-03-02T11:30:00Z', '2024-03-02T11:30:00Z'),
       ('30000000-0000-0000-0000-00000000000f', '10000000-0000-0000-0000-000000000005',
        '11111111-1111-1111-1111-111111111111', '2024-03-03T07:30:00Z', '2024-03-03T07:30:00Z'),
       ('30000000-0000-0000-0000-000000000010', '10000000-0000-0000-0000-000000000005',
        '22222222-2222-2222-2222-222222222222', '2024-03-03T07:40:00Z', '2024-03-03T07:40:00Z'),
       ('30000000-0000-0000-0000-000000000011', '10000000-0000-0000-0000-000000000005',
        '33333333-3333-3333-3333-333333333333', '2024-03-03T07:50:00Z', '2024-03-03T07:50:00Z'),
       ('30000000-0000-0000-0000-000000000012', '10000000-0000-0000-0000-000000000005',
        '44444444-4444-4444-4444-444444444444', '2024-03-03T08:00:00Z', '2024-03-03T08:00:00Z'),
       ('30000000-0000-0000-0000-000000000013', '10000000-0000-0000-0000-000000000005',
        '55555555-5555-5555-5555-555555555555', '2024-03-03T08:10:00Z', '2024-03-03T08:10:00Z'),
       ('30000000-0000-0000-0000-000000000014', '10000000-0000-0000-0000-000000000005',
        '66666666-6666-6666-6666-666666666666', '2024-03-03T08:20:00Z', '2024-03-03T08:20:00Z'),
       ('30000000-0000-0000-0000-000000000015', '10000000-0000-0000-0000-000000000006',
        '22222222-2222-2222-2222-222222222222', '2024-03-03T11:40:00Z', '2024-03-03T11:40:00Z'),
       ('30000000-0000-0000-0000-000000000016', '10000000-0000-0000-0000-000000000007',
        '44444444-4444-4444-4444-444444444444', '2024-03-04T10:05:00Z', '2024-03-04T10:05:00Z'),
       ('30000000-0000-0000-0000-000000000017', '10000000-0000-0000-0000-000000000007',
        '55555555-5555-5555-5555-555555555555', '2024-03-04T10:15:00Z', '2024-03-04T10:15:00Z'),
       ('30000000-0000-0000-0000-000000000018', '10000000-0000-0000-0000-000000000008',
        '11111111-1111-1111-1111-111111111111', '2024-03-04T09:55:00Z', '2024-03-04T09:55:00Z'),
       ('30000000-0000-0000-0000-000000000019', '10000000-0000-0000-0000-000000000008',
        '22222222-2222-2222-2222-222222222222', '2024-03-04T10:05:00Z', '2024-03-04T10:05:00Z'),
       ('30000000-0000-0000-0000-00000000001a', '10000000-0000-0000-0000-000000000008',
        '33333333-3333-3333-3333-333333333333', '2024-03-04T10:15:00Z', '2024-03-04T10:15:00Z'),
       ('30000000-0000-0000-0000-00000000001b', '10000000-0000-0000-0000-000000000008',
        '44444444-4444-4444-4444-444444444444', '2024-03-04T10:25:00Z', '2024-03-04T10:25:00Z'),
       ('30000000-0000-0000-0000-00000000001c', '10000000-0000-0000-0000-000000000008',
        '55555555-5555-5555-5555-555555555555', '2024-03-04T10:35:00Z', '2024-03-04T10:35:00Z'),
       ('30000000-0000-0000-0000-00000000001d', '10000000-0000-0000-0000-000000000009',
        '22222222-2222-2222-2222-222222222222', '2024-03-05T06:25:00Z', '2024-03-05T06:25:00Z'),
       ('30000000-0000-0000-0000-00000000001e', '10000000-0000-0000-0000-000000000009',
        '33333333-3333-3333-3333-333333333333', '2024-03-05T06:35:00Z', '2024-03-05T06:35:00Z'),
       ('30000000-0000-0000-0000-00000000001f', '10000000-0000-0000-0000-000000000009',
        '66666666-6666-6666-6666-666666666666', '2024-03-05T06:45:00Z', '2024-03-05T06:45:00Z'),
       ('30000000-0000-0000-0000-000000000020', '10000000-0000-0000-0000-00000000000a',
        '33333333-3333-3333-3333-333333333333', '2024-03-05T13:40:00Z', '2024-03-05T13:40:00Z'),
       ('30000000-0000-0000-0000-000000000021', '10000000-0000-0000-0000-00000000000a',
        '44444444-4444-4444-4444-444444444444', '2024-03-05T13:50:00Z', '2024-03-05T13:50:00Z'),
       ('30000000-0000-0000-0000-000000000022', '10000000-0000-0000-0000-00000000000a',
        '55555555-5555-5555-5555-555555555555', '2024-03-05T14:00:00Z', '2024-03-05T14:00:00Z'),
       ('30000000-0000-0000-0000-000000000023', '10000000-0000-0000-0000-00000000000a',
        '66666666-6666-6666-6666-666666666666', '2024-03-05T14:10:00Z', '2024-03-05T14:10:00Z'),
       ('30000000-0000-0000-0000-000000000024', '10000000-0000-0000-0000-00000000000b',
        '11111111-1111-1111-1111-111111111111', '2024-03-06T08:50:00Z', '2024-03-06T08:50:00Z'),
       ('30000000-0000-0000-0000-000000000025', '10000000-0000-0000-0000-00000000000b',
        '22222222-2222-2222-2222-222222222222', '2024-03-06T09:00:00Z', '2024-03-06T09:00:00Z'),
       ('30000000-0000-0000-0000-000000000026', '10000000-0000-0000-0000-00000000000b',
        '33333333-3333-3333-3333-333333333333', '2024-03-06T09:10:00Z', '2024-03-06T09:10:00Z'),
       ('30000000-0000-0000-0000-000000000027', '10000000-0000-0000-0000-00000000000c',
        '44444444-4444-4444-4444-444444444444', '2024-03-06T15:20:00Z', '2024-03-06T15:20:00Z'),
       ('30000000-0000-0000-0000-000000000028', '10000000-0000-0000-0000-00000000000c',
        '55555555-5555-5555-5555-555555555555', '2024-03-06T15:30:00Z', '2024-03-06T15:30:00Z'),
       ('30000000-0000-0000-0000-000000000029', '10000000-0000-0000-0000-00000000000c',
        '66666666-6666-6666-6666-666666666666', '2024-03-06T15:40:00Z', '2024-03-06T15:40:00Z');

INSERT INTO notifications (id, user_id, confirmed, content, resource_type, resource_id, created_at, updated_at)
VALUES ('50000000-0000-0000-0000-000000000001', '11111111-1111-1111-1111-111111111111',
        false, '알림 테스트용 데이터1', 'interests',
        'aaaa1111-0000-0000-0000-000000000001', '2024-03-07T16:00:00Z', '2024-03-07T16:00:00Z'),
       ('50000000-0000-0000-0000-000000000003', '11111111-1111-1111-1111-111111111111',
        false, '알림 테스트용 데이터2', 'comments',
        '40000000-0000-0000-0000-000000000002', '2024-03-02T09:12:00Z', '2024-03-02T09:12:00Z'),
       ('50000000-0000-0000-0000-000000000004', '11111111-1111-1111-1111-111111111111',
        true, '알림 테스트용 데이터3', 'comments',
        '40000000-0000-0000-0000-000000000003', '2024-03-02T07:12:00Z', '2024-03-02T07:12:00Z'),
       ('50000000-0000-0000-0000-000000000005', '11111111-1111-1111-1111-111111111111',
        true, '알림 테스트용 데이터4', 'comments',
        '40000000-0000-0000-0000-000000000004', '2024-03-02T11:22:00Z', '2024-03-02T11:22:00Z'),
       ('50000000-0000-0000-0000-000000000002', '22222222-2222-2222-2222-222222222222',
        true, '알림 테스트용 데이터5', 'interests',
        'aaaa1111-0000-0000-0000-000000000001', '2024-03-07T16:00:00Z', '2024-03-07T16:00:00Z');